{"harmonic_peass":{"x1pass_hpss_d_1024":{"TPS":0.0027451176113524635,"IPS":96.725175795342437,"APS":0.14297596877000349},"x1pass_hpss_d_2048":{"TPS":0.001727518512633917,"IPS":97.08276119944901,"APS":0.23914285886814921},"x1pass_hpss_f_1024":{"TPS":17.714834801783816,"IPS":78.120813346241079,"APS":18.643018995434403},"x1pass_hpss_f_2048":{"TPS":24.238411821303114,"IPS":73.917924005248537,"APS":26.818078119182303},"tfjigsaw_1":{"TPS":4.3723456362658384,"IPS":90.131515702018859,"APS":7.5046367113445314}},"harmonic_bss":{"x1pass_hpss_d_1024":{"ISR":-0.46365137402677287,"SIR":2.0971565169160393,"SAR":3.726180616192897},"x1pass_hpss_d_2048":{"ISR":-0.32030220383679553,"SIR":4.6551522584056988,"SAR":2.3063109551899292},"x1pass_hpss_f_1024":{"ISR":-1.175230112453292,"SIR":1.6747710673564886,"SAR":12.295260938641782},"x1pass_hpss_f_2048":{"ISR":-0.99614673436346446,"SIR":4.1886499522100076,"SAR":10.432788857892321},"tfjigsaw_1":{"ISR":4.8806284254689656,"SIR":-1.977386242787476,"SAR":9.6510465902390088}},"harmonic_pemoq":{"x1pass_hpss_d_1024":{"qTarget":0.1917078466519917,"qInterf":0.93223609583625178,"qArtif":0.63241224389331785},"x1pass_hpss_d_2048":{"qTarget":0.19855087963907481,"qInterf":0.94960636994111991,"qArtif":0.6706574341094077},"x1pass_hpss_f_1024":{"qTarget":0.81523493315500961,"qInterf":0.91810755284114676,"qArtif":0.87592089398509232},"x1pass_hpss_f_2048":{"qTarget":0.830916462026638,"qInterf":0.91451222280306965,"qArtif":0.90385190303488283},"tfjigsaw_1":{"qTarget":0.76100669856176817,"qInterf":0.94633567863867174,"qArtif":0.81881942141775121}},"percussive_peass":{"x1pass_hpss_d_1024":{"TPS":0.8204524679052444,"IPS":84.251994301615355,"APS":1.1733032137132595},"x1pass_hpss_d_2048":{"TPS":1.2190781353103897,"IPS":78.483941630756917,"APS":3.2056277707091483},"x1pass_hpss_f_1024":{"TPS":35.190722142138952,"IPS":26.663211804673232,"APS":44.871869304203571},"x1pass_hpss_f_2048":{"TPS":32.322038011265292,"IPS":19.674173977542573,"APS":47.594138097663816},"tfjigsaw_1":{"TPS":14.790347117597072,"IPS":38.760306133983171,"APS":0.099348839056956961}},"percussive_bss":{"x1pass_hpss_d_1024":{"ISR":-0.19781655529933612,"SIR":7.3998581952526639,"SAR":5.2406932033053515},"x1pass_hpss_d_2048":{"ISR":-0.89197044117273572,"SIR":10.428114034637876,"SAR":7.5161910882745673},"x1pass_hpss_f_1024":{"ISR":-0.72268796561529836,"SIR":1.9362331794713206,"SAR":11.192804771447641},"x1pass_hpss_f_2048":{"ISR":-1.3925864142391435,"SIR":3.653261025554821,"SAR":11.976784745118696},"tfjigsaw_1":{"ISR":2.2787487609722663,"SIR":-2.074136894343324,"SAR":5.1970638624151286}},"percussive_pemoq":{"x1pass_hpss_d_1024":{"qTarget":0.58371249640111422,"qInterf":0.848483925263505,"qArtif":0.713444037781206},"x1pass_hpss_d_2048":{"qTarget":0.56916057516319274,"qInterf":0.83169436992391066,"qArtif":0.77905326624499571},"x1pass_hpss_f_1024":{"qTarget":0.91662991171201769,"qInterf":0.7606386229273977,"qArtif":0.94941650384572829},"x1pass_hpss_f_2048":{"qTarget":0.91729819693064885,"qInterf":0.75533504717393707,"qArtif":0.96114993944009},"tfjigsaw_1":{"qTarget":0.94931991987616382,"qInterf":0.58090201042936618,"qArtif":0.75046843590700729}}}
